,F,d,h1,h2,l,x
2017-10-26 07:30:00,18905.806964680465,0.0051242625194974495,-0.0474035600606148,-0.031543853605805486,0.015859706454809316,-0.05796344469211352
2017-10-26 07:32:00,20026.385395824655,0.04849598742888486,0.008175252716365586,-0.01478964719395072,-0.022964899910316305,0.018916693040983423
2017-10-26 07:34:00,19874.9172007767,-0.013560995229492681,0.046190094009345775,0.0010439035802960808,-0.045146190429049694,-0.01147318806890052
2017-10-26 07:36:00,18058.4381903921,0.04896459873504842,-0.026647801723595058,-0.07261683148254565,-0.04596902975895059,-0.09626906423004288
2017-10-26 07:38:00,18187.872510795987,0.03472858700256687,-0.017012483439870794,-0.06324757210229671,-0.04623508866242592,-0.09176655720202656
2017-10-26 07:40:00,20430.963509132915,-0.015302830640661451,0.03224342023238276,0.030703401344232363,-0.0015400188881503976,0.046103972047803275
2017-10-26 07:42:00,15969.394445491258,-0.031502162908912154,-0.04696902528882151,-0.08041043493292202,-0.0334414096441005,-0.1923230327747562
2017-10-26 07:44:00,20096.59205684188,0.00014101510536627948,0.04590074037424939,-0.0038630089980830687,-0.04976374937233246,-0.007585002890799858
2017-10-26 07:46:00,18243.923730323764,-0.034225738168965764,0.000743967321025718,-0.026832369751721874,-0.027576337072747592,-0.08789047767240951
2017-10-26 07:48:00,22536.168298054432,0.04996103012424019,0.0071901825411498504,0.045102456764265206,0.037912274223115355,0.1401659436527706
2017-10-26 07:50:00,23094.348889811128,0.04011479022380485,0.030130009717891287,0.06419424150351376,0.03406423178562247,0.16850327323083236
2017-10-26 07:52:00,22058.17548334024,-0.03019264377836092,0.033207743506373,0.05830920955594747,0.025101466049574472,0.08642577533353402
2017-10-26 07:54:00,20658.214519207035,0.021301640821036222,0.0327549558015085,0.014775198211870552,-0.01797975758963795,0.050852037244777326
2017-10-26 07:56:00,21740.735267878477,0.02456173448029647,0.02324354652235132,0.018202187097534545,-0.005041359424816774,0.06096610867536556
2017-10-26 07:58:00,19714.94697023562,0.04609076325886706,-0.014760066951313676,-0.023881875920808614,-0.009121808969494938,-0.0016729885827501678
2017-10-26 08:00:00,20781.886545627567,0.030860823743354526,-0.031634307392318296,0.01806218019329573,0.04969648758561403,0.06698518412994599
2017-10-26 08:02:00,19460.166637782193,-0.015445978084354071,0.00681492808184684,-0.0038309751682510246,-0.010645903250097864,-0.02310792842085612
2017-10-26 08:04:00,19868.74605866334,-0.03822847808388333,0.0020588286068165887,0.01004152088180673,0.007982692274990141,-0.018145436320269867
2017-10-26 08:06:00,19493.97068227196,0.030443192805315683,-0.037111752909303124,-0.024819634218635825,0.012292118690667299,-0.019196075631955967
2017-10-26 08:08:00,20245.002486699523,-0.013653998489583818,0.02377696399265898,0.019628817885397887,-0.004148146107261094,0.025603637281211955
2017-10-26 08:10:00,19410.47238225466,-0.0008445795612043519,-0.0484345386199485,-0.018418746938354887,0.030015791681593615,-0.037682073437914125
2017-10-26 08:12:00,19002.310122223837,0.02404731115617814,-0.04126861603107921,-0.04446982391045221,-0.0032012078793730026,-0.06489233666472628
2017-10-26 08:14:00,21744.473153906194,0.03244830387223133,0.02771259432831251,0.026233954465744766,-0.0014786398625677433,0.08491621280372086
2017-10-26 08:16:00,18888.424378647425,-0.04201832749673177,-0.015468033523311865,0.006665553771702366,0.02213358729501423,-0.028687219953327035
2017-10-26 08:18:00,18360.925527851465,-0.013033856995910878,-0.04651566738345293,-0.02829123771604662,0.01822442966740631,-0.06961633242800412
2017-10-26 08:20:00,20093.394498952446,0.04849983960830656,0.015001120185085093,-0.032632053931471054,-0.04763317411655615,-0.016764268254635548
2017-10-26 08:22:00,20765.600819950592,0.04319939073781291,-0.014524565551645462,-0.013098321473759778,0.0014262440778856841,0.017002747790293357
2017-10-26 08:24:00,21060.466794686006,-0.013541948382922456,0.0013869202384248144,0.04471713228140694,0.043330212042982125,0.07589231617989142
2017-10-26 08:26:00,18864.96903889844,0.037092864026979463,-0.02444232500578323,-0.04655700772600942,-0.022114682720226188,-0.05602115142503937
2017-10-26 08:28:00,21342.897056708276,0.013715322027179191,0.04645722834029954,0.03136555053312712,-0.015091677807172424,0.07644642309343343
2017-10-26 08:30:00,18302.07422472138,-0.04105327010125231,-0.01686286382751704,-0.027047830668681293,-0.010184966841164253,-0.09514893143861489
2017-10-26 08:32:00,21864.965182383054,0.04798268175437327,0.003913804056354789,0.01911749477795449,0.015203690721599702,0.08621767131028225
2017-10-26 08:34:00,18406.265707237202,0.006252165525444019,-0.023898320818512744,-0.048628928373476155,-0.024730607554963414,-0.09100569122150828
2017-10-26 08:36:00,20631.474241203032,-0.0015102134274806306,0.030164799679465865,0.012742874582601017,-0.017421925096864847,0.023975535737721404
2017-10-26 08:38:00,17695.840911989642,0.033534449405712,-0.03150597661696272,-0.07109825820375776,-0.039592281586795036,-0.10866206700180352
2017-10-26 08:40:00,16968.687761411336,0.011801666370364935,-0.04634666352261107,-0.07691641986107488,-0.030569756338463806,-0.14203117335178483
2017-10-26 08:42:00,17442.243443337007,0.029513221657094982,-0.04164619190966573,-0.059912314385583344,-0.018266122475917614,-0.0903114071140717
2017-10-26 08:44:00,15682.401991783048,-0.03153789083731326,-0.04460073689169919,-0.08709610139682888,-0.04249536450512969,-0.20573009363097103
2017-10-26 08:46:00,20420.43669653882,-0.04885810877941942,-0.01672404245853261,0.027577182358370242,0.04430122481690285,0.006296255937321062
2017-10-26 08:48:00,19627.452479838725,0.04427876191750771,-0.0394643015602722,-0.029763159538351666,0.00970114202192053,-0.015247557159195624
2017-10-26 08:50:00,22046.463660972808,0.01682968284520403,-0.0001913648526139372,0.03614468676896353,0.036336051621577464,0.08911905638313108
2017-10-26 08:52:00,22655.614911982426,0.027134538706890463,0.018710088418470633,0.051693239886387216,0.03298315146791658,0.1305210184796649
2017-10-26 08:54:00,18063.795452630697,-0.02703516624788016,-0.03143878145232946,-0.0393462428956105,-0.007907461443281041,-0.10572765203910117
2017-10-26 08:56:00,19954.902052573194,-0.03699290237178618,0.04532195921569393,0.011331979201959469,-0.03398998001373446,-0.014328943967867241
2017-10-26 08:58:00,18024.315638612898,0.030091911736249838,-0.042157027223986704,-0.0700026111749606,-0.027845583950973887,-0.10991331061367135
2017-10-26 09:00:00,21582.870440040413,0.04988971860853979,0.01738067408057606,0.00551120606090965,-0.011869468019666408,0.06091213073035909
2017-10-26 09:02:00,21065.212719476687,-0.03017204548778636,-0.00719958321365928,0.02922356296558075,0.03642314617924003,0.028275080443375136
2017-10-26 09:04:00,18051.407243242833,-0.029901185552272825,-0.029117524952710694,-0.028257940640951128,0.0008595843117595661,-0.08641706683417508
2017-10-26 09:06:00,22022.849601442966,-0.017526404603890648,0.001631230827843444,0.05123904324434121,0.04960781241649777,0.08495168188479177
2017-10-26 09:08:00,22262.274059737065,-0.03972538709387511,0.043035812669957485,0.0841653616397805,0.041129548969823015,0.1286053361856859
2017-10-26 09:10:00,17720.028499997035,-0.021609115824154312,-0.0322643439988807,-0.05845100289133999,-0.026186658892459292,-0.1385111216068343
2017-10-26 09:12:00,18015.62367363821,0.040651614729234856,-0.03853372221871143,-0.08003825320412827,-0.041504530985416836,-0.11942489167902169
2017-10-26 09:14:00,21580.731365224965,0.026942788499002848,0.023682718885103066,0.03003525769836963,0.006352538813266563,0.0870133038957421
2017-10-26 09:16:00,22501.928411714372,-0.021854160033651315,0.03833622926124475,0.06634257722469568,0.02800634796345093,0.11083099441574004
2017-10-26 09:18:00,20145.16625227926,-0.021262771343853272,0.03564380442024115,0.013462669911901318,-0.02218113450833983,0.005662568479949365
2017-10-26 09:20:00,18421.61203994084,0.0033237327641436817,-0.02382010909159197,-0.046739295103182435,-0.022919186011590466,-0.09015485744222118
2017-10-26 09:22:00,18578.019466727048,-0.020378256534964515,0.015992254551162405,-0.028688382751694108,-0.04468063730285651,-0.07775502203835273
2017-10-26 09:24:00,20543.86885429613,-0.0016003787698693275,0.009210720260066488,0.02202465963314297,0.012813939373076483,0.042448940496416614
2017-10-26 09:26:00,21865.960006169193,0.03673803342295372,-0.0010215368241388023,0.03171860234895445,0.03274013917309325,0.10017523812086261
2017-10-26 09:28:00,19649.310917194496,0.025181197710163875,-0.0393045238515373,-0.015064820343626141,0.02423970350791116,-0.0049484429770884075
2017-10-26 09:30:00,17540.456284455377,-0.02548781167718771,-0.02943065350676575,-0.04444485725350849,-0.01501420374674274,-0.11437752618420469
2017-10-26 09:32:00,19797.139829219308,0.009974859983073334,-0.006859760515047476,-0.011787994038191786,-0.00492823352314431,-0.013601128093310239
2017-10-26 09:34:00,21599.53343359938,0.001132956873339086,0.047898033692178835,0.047695900851805896,-0.0002021328403729386,0.09652475857695088
2017-10-26 09:36:00,20448.38466066612,0.011934786437516234,-0.0204873999418317,0.0017367102849988325,0.022224110226830532,0.0154082070075139
2017-10-26 09:38:00,20181.939048348926,-0.009476624571385928,0.02493939577629667,0.004918541014657704,-0.020020854761638965,0.0003604574579294806
2017-10-26 09:40:00,15489.816125012612,-0.04429770492117835,-0.0448835094463636,-0.09100764657999694,-0.04612413713363333,-0.22631299808117222
2017-10-26 09:42:00,18643.21197266022,0.019426095132285215,0.002599890055863495,-0.041305600870112605,-0.0439054909259761,-0.06318510660794
2017-10-26 09:44:00,18577.28131845968,-0.01594241603564813,0.02729831379285448,-0.021498419705053992,-0.04879673349790847,-0.058939255445756115
2017-10-26 09:46:00,23919.123478197416,0.042437444505557184,0.030581322142254175,0.07321448875490413,0.04263316661264996,0.18886642201536546
2017-10-26 09:48:00,20540.137345485233,0.006609582259700653,-0.04706878550026194,0.0013178546326065785,0.048386640132868516,0.00924529152491381
2017-10-26 09:50:00,16788.64016782949,-0.04810967585368511,-0.018025829051216823,-0.06118037285016036,-0.04315454379894354,-0.17047042155400585
2017-10-26 09:52:00,18941.227512319263,0.03306539318663128,-0.04782337961945633,-0.041628299197452534,0.006195080422003799,-0.05019120520827379
2017-10-26 09:54:00,24712.10683461415,0.043258672997419007,0.03974027335207428,0.08947842389398813,0.049738150541913856,0.22221552078539528
2017-10-26 09:56:00,18987.614939729283,-0.03482022325305322,0.006469303026628806,-0.004442722599942224,-0.01091202562657103,-0.04370566845293767
2017-10-26 09:58:00,21047.539451874058,-0.012622921953638004,-0.0032028014007530886,0.029403815444729045,0.032606616845482134,0.046184708935820086
2017-10-26 10:00:00,19098.604502387592,-0.034749869200364915,-0.008901194920172217,-0.008437710302239457,0.00046348461793276063,-0.05162528980484383
2017-10-26 10:02:00,17985.50214583975,-0.022768213335764866,-0.01989182375783787,-0.042282547638041824,-0.022390723880203956,-0.1073333086118485
2017-10-26 10:04:00,19159.708721419724,0.034687814442037695,0.003335845445199284,-0.023785207936041896,-0.02712105338124118,-0.012882601430046096
2017-10-26 10:06:00,17875.418354324906,0.011652993973807105,-0.03872301519396845,-0.04801410284528376,-0.00929108765131531,-0.08437521171676042
2017-10-26 10:08:00,19428.228753983112,0.019504352092690594,0.0030102764557529346,-0.022294657618874794,-0.02530493407462773,-0.025084963145058994
2017-10-26 10:10:00,15571.613023767159,-0.011931781640294944,-0.04808540157983612,-0.09726490880168343,-0.04917950722184731,-0.2064615992436618
2017-10-26 10:12:00,19925.144258827346,0.045300757123257415,-0.014899430708825212,-0.015291274777581486,-0.0003918440687562738,0.014718207568094444
2017-10-26 10:14:00,20869.248412670444,0.007116763573036387,0.01550371977822923,0.008165370075598442,-0.007338349702630788,0.023447503724233272
2017-10-26 10:16:00,20786.992167934503,0.033080889166913735,0.004488348000943075,0.005249772759934476,0.0007614247589914011,0.04358043468678269
2017-10-26 10:18:00,20953.21793170756,0.04602174384038972,-0.03232384404754483,0.004802486901510118,0.037126330949054945,0.055626717643409956
2017-10-26 10:20:00,21429.92145955822,0.008488746585519,0.04730380086448725,0.02727817281467851,-0.020025628049808744,0.06304509221487602
2017-10-26 10:22:00,16681.380670671617,-0.0026347009382885825,-0.04457590028191665,-0.08405136767861576,-0.03947546739669912,-0.1707374362955201
2017-10-26 10:24:00,20969.411488029968,0.03806294526691843,0.04634439652009567,0.013551792233206343,-0.03279260428688933,0.06516652973333112
2017-10-26 10:26:00,19834.44125055781,-0.025504711532548043,-0.0020326460001620847,0.007511166717478222,0.009543812717640307,-0.010482378097591599
2017-10-26 10:28:00,20470.04915949574,-0.03425261343441531,0.03741800054904641,0.025697163140987696,-0.011720837408058717,0.01714171284756008
2017-10-26 10:30:00,17326.14790349823,-0.0018533418277971933,-0.013686922520789846,-0.061829054421536536,-0.04814213190074669,-0.12551145067087027
2017-10-26 10:32:00,20420.530966757247,-0.0014439469886710979,0.0036739783143772894,0.00599071791224335,0.0023167395978660604,0.010537488835815602
2017-10-26 10:34:00,22025.821272858,-0.0040228104271041384,0.01779943974224865,0.05035343176455673,0.032553992022308076,0.09668405310200931
2017-10-26 10:36:00,21441.44013720842,0.01829866767583649,0.03092231428620694,0.018780936856637065,-0.012141377429569875,0.05586054138911062
2017-10-26 10:38:00,18916.77589444146,-0.009905064459374655,-0.01863469989048571,-0.020466910818099655,-0.0018322109276139448,-0.050838886095573965
2017-10-26 10:40:00,19505.890582518932,-0.01629927856815907,-0.03631056360142009,-0.00908738293018501,0.02722318067123508,-0.03447404442852909
2017-10-26 10:42:00,20461.804100087626,0.020035074705502226,-0.04241243313898668,-0.006600883132140953,0.03581155000684573,0.0068333084412203204
2017-10-26 10:44:00,20830.37168045025,0.021319862621554525,-0.004822440561310995,-0.00916210920945374,-0.004339668648142746,0.0029956442026470437
2017-10-26 10:46:00,18203.292173448102,0.011125492945829055,-0.01461029808246428,-0.03356708560118457,-0.018956787518720288,-0.05600867825654009
2017-10-26 10:48:00,16930.780258249713,0.003911069725110537,-0.028541043049964666,-0.07644868674787493,-0.047907643697910264,-0.14898630377063932
2017-10-26 10:50:00,18697.364475304264,0.0054174241278536,0.008012298689458665,-0.028596667220562165,-0.03660896591002083,-0.05177591031327073
2017-10-26 10:52:00,18808.96084730268,0.04334073534521804,-0.01372041187193166,-0.04999492747812639,-0.03627451560619473,-0.056649119611034734
2017-10-26 10:54:00,19992.682168862357,-0.03908475269499056,-0.010725405417210641,0.003968197332565877,0.014693602749776519,-0.031148358029858804
2017-10-26 10:56:00,21151.853792030288,0.02126175605346109,-0.03312471730360332,0.016443275485711437,0.04956799278931476,0.05414830702488396
2017-10-26 10:58:00,18540.069343627558,-0.03270693713338091,0.0032855143069052267,-0.019906802191109994,-0.02319231649801522,-0.07252054151560089
2017-10-26 11:00:00,18058.245811909557,0.04078546553739565,-0.02877784467600113,-0.06648546730133927,-0.03770762262533814,-0.09218546906528288
2017-10-26 11:02:00,18460.139499927343,-0.043635900437888064,0.02111143017062532,-0.028221291232726847,-0.04933272140335217,-0.10007848290334176
2017-10-26 11:04:00,18883.278511003726,0.04191904661925357,-0.0019423493155039454,-0.05165467311179454,-0.04971232379629059,-0.06139029960433551
2017-10-26 11:06:00,20355.678672184404,0.028764355573167436,0.011435209918200614,-0.005812156880858246,-0.01724736679905886,0.017140041811450943
2017-10-26 11:08:00,21059.634867015204,0.0020078778754726856,0.008709416595287733,0.0332452668326422,0.024535850237354467,0.06849841154075709
2017-10-26 11:10:00,22140.70672850853,0.024683443655526827,0.026648470969443935,0.04277742530110451,0.016128954331660575,0.11023829425773585
2017-10-26 11:12:00,18608.99141262536,0.010422754701919924,-0.012769097103745929,-0.039598947208534095,-0.026829850104788167,-0.06877513971514826
2017-10-26 11:14:00,19867.365607997355,-0.040992131618655614,0.015647709437980897,0.02361939555641268,0.007971686118431784,0.006246659494169748
2017-10-26 11:16:00,21534.515709683317,0.021867527250062718,-0.02313968027880882,0.01953660418067492,0.04267628445948374,0.060940735611412555
2017-10-26 11:18:00,18201.423497262815,0.013809739059110065,-0.030547580865027138,-0.061752293326970846,-0.031204712461943708,-0.10969484759483163
2017-10-26 11:20:00,18714.854355100055,0.0005971659006204985,-0.000535465854954377,-0.03058132038674777,-0.030045854531793394,-0.060565474872875044
2017-10-26 11:22:00,22211.856785445423,0.033728126847136095,0.004511035850106947,0.03803799575285855,0.033526959902751605,0.1098041183528532
2017-10-26 11:24:00,19648.870322365026,-0.03742348351084895,-0.032906248165054,0.005248229952213079,0.03815447811726708,-0.02692702360642279
2017-10-26 11:26:00,23235.01623687914,-0.002538373997480789,0.044266226818963375,0.09106238371762401,0.04679615689866064,0.17958639343776722
2017-10-26 11:28:00,20748.193287851373,0.03424146050802694,-0.013483384110631526,0.01141205942953722,0.024895443540168746,0.05706557936710138
2017-10-26 11:30:00,18726.562143032006,0.034920966599385234,-0.02442975955098934,-0.044495308007584916,-0.020065548456595573,-0.0540696494157846
2017-10-26 11:32:00,20876.573526043685,-0.04297926311272791,0.03826107149709593,0.04688718011168964,0.00862610861459371,0.05079509711065137
2017-10-26 11:34:00,18966.39463944929,-0.013986691700408428,-0.0162667658666157,-0.024295819785615624,-0.008029053918999926,-0.06257833127163967
2017-10-26 11:36:00,19264.674564838006,-0.0009348048731673969,-0.044000547796913175,-0.018908551149316125,0.02509199664759705,-0.038751907171799646
2017-10-26 11:38:00,18763.97027159851,-0.03956063934857253,-0.04708276369286349,-0.0037382793838030004,0.04334448430906049,-0.04703719811617853
2017-10-26 11:40:00,18159.147746129296,0.0373191404247708,-0.018729993310738068,-0.060605641931210645,-0.04187564862047258,-0.08389214343765049
2017-10-26 11:42:00,16904.952888615848,0.0067115989905497594,-0.04238716622130914,-0.08233219056799473,-0.0399450243466856,-0.1579527821454397
2017-10-26 11:44:00,19858.588114742815,-0.016656044797227924,-0.003093727126948234,2.539045365944348e-05,0.0031191175806076776,-0.016605263889909037
2017-10-26 11:46:00,18782.530632608126,-0.041047112104351406,0.021308477705033954,-0.013035052687044718,-0.03434353039207867,-0.06711721747844085
2017-10-26 11:48:00,24161.477001128427,0.03171621623731832,0.036081085973038704,0.08496242654797154,0.04888134057493283,0.2016410693332614
2017-10-26 11:50:00,19433.050898691956,0.0052221420237864025,-0.016043319356158707,-0.027723183714589143,-0.011679864358430436,-0.050224225405391884
2017-10-26 11:52:00,20917.33526290912,-0.01448442247073052,0.03043493924833854,0.024258328994013617,-0.006176610254324921,0.03403223551729671
2017-10-26 11:54:00,18723.3849073247,0.039828594638436396,-0.028297087077733953,-0.06110647206603431,-0.032809384988300355,-0.08238434949363223
2017-10-26 11:56:00,22211.917845707834,-0.01574258858328066,0.03573374658835983,0.05302761618342876,0.017293869595068928,0.09031264378357685
2017-10-26 11:58:00,22040.433091729647,-0.03513613582255113,0.03875963717876155,0.04871389837133438,0.009954261192572832,0.06229166092011763
2017-10-26 12:00:00,19417.920481829005,-0.014953953668224898,-0.01843010703855428,-0.008070820782161037,0.010359286256393242,-0.03109559523254697
2017-10-26 12:02:00,23710.809743141286,0.03930386238608917,0.02894863557582128,0.07688052904590896,0.04793189347008768,0.19306492047790708
2017-10-26 12:04:00,19591.814661879027,-0.047289763813836906,0.013449158993892804,0.024363975919108494,0.01091481692521569,0.0014381880243800813
2017-10-26 12:06:00,20923.132396940095,-0.002010175340864874,0.03730189172906524,0.02870882788018774,-0.008593063848877501,0.05540748041951061
2017-10-26 12:08:00,20212.72597178137,0.04122509937709526,0.010833615996908429,-0.007548385248061618,-0.018382001244970046,0.026128328880972024
2017-10-26 12:10:00,21034.90292356964,-0.03434300162178437,0.017038997441524872,0.045601756471989524,0.02856275903046465,0.056860511322194676
2017-10-26 12:12:00,18816.723459062996,-0.0029179471171144264,-0.0047930708003084965,-0.022165962055499533,-0.017372891255191036,-0.04724987122811349
2017-10-26 12:14:00,17478.488595976807,0.009635814340778835,-0.033135304846408004,-0.07591050145943606,-0.04277519661302807,-0.14218518857809329
2017-10-26 12:16:00,22619.27679295978,0.0478209385819504,0.03485771122498571,0.04001377100020823,0.005156059775222523,0.12784848058236686
2017-10-26 12:18:00,20548.411352197796,0.009513511544253464,0.027088771885325477,0.011567635723545772,-0.015521136161779706,0.03264878299134501
2017-10-26 12:20:00,17976.404113046927,0.0017118958950177107,-0.034172825054330835,-0.05001450449460431,-0.015841679440273475,-0.09831711309419092
2017-10-26 12:22:00,20824.458392012493,-0.043168844498105464,0.027293949301852458,0.0342851226365788,0.00699117333472634,0.02540140077505213
2017-10-26 12:24:00,19931.078550344795,-0.04882558463676635,-0.008797831598805261,0.02700331174682706,0.03580114334563232,0.005181038856887768
2017-10-26 12:26:00,16389.618636026724,-0.044002437223450486,-0.04601016061838192,-0.06516598677699979,-0.019155826158617873,-0.17433441077745007
2017-10-26 12:28:00,19362.37205945943,-0.04676211548907801,-0.027012064450483986,0.0046487186641149675,0.03166078311459895,-0.03746467816084807
2017-10-26 12:30:00,19763.63876032617,0.02637951083303873,-0.03281632233617533,-0.022444213891408972,0.01037210844476636,-0.018508916949779214
2017-10-26 12:32:00,17496.06776823803,-0.013631903597301785,-0.030171724730636996,-0.04982027559732802,-0.01964855086669102,-0.11327245479195783
2017-10-26 12:34:00,20439.30089255981,-0.03019269678306671,0.026586821865522733,0.031036182050956193,0.00444936018543346,0.03187966731884567
2017-10-26 12:36:00,22425.17997591568,-0.041693616201873285,0.0346580183300966,0.0821866958313205,0.0475286775012239,0.12267977546076772
2017-10-26 12:38:00,20194.930753935027,-0.03997231969356964,0.0019096697628641773,0.031771213483528515,0.029861543720664338,0.023570107273487392
2017-10-26 12:40:00,21849.79832430188,0.031456530998463114,0.01993796247683395,0.02459629095460484,0.004658328477770889,0.08064911290767279
2017-10-26 12:42:00,17164.365260914154,-0.008435625766930056,-0.027297124117716277,-0.07210903486654989,-0.04481191074883362,-0.15265369550002983
2017-10-26 12:44:00,19471.959669628228,0.00711274956824455,0.03901763535774169,-0.009864076612178072,-0.048881711969919764,-0.012615403656111593
2017-10-26 12:46:00,16768.719151351575,0.023523573177493665,-0.045365099620169394,-0.09462973677240426,-0.049264637152234864,-0.16573590036731484
2017-10-26 12:48:00,19176.72744997764,-0.007203660181930714,-0.02392119177998845,-0.021979898711586225,0.001941293068402225,-0.051163457605103164
2017-10-26 12:50:00,20543.77404795303,0.029920670972095664,-0.04906816141923838,-0.009589713327645716,0.03947844809159266,0.010741244316804233
2017-10-26 12:52:00,19610.463882584314,-0.046596673954337364,-0.03894429498303398,0.007223083308869824,0.0461673782919038,-0.03215050733659772
2017-10-26 12:54:00,19368.389887614172,-0.011441146660897683,-0.03777269623036681,0.002671959380654197,0.04044465561102101,-0.006097227899589289
2017-10-26 12:56:00,18435.701470798707,-0.04587752797915337,-0.03797206482000555,-0.014690312996003055,0.023281751824002495,-0.07525815397115948
2017-10-26 12:58:00,21036.886714225948,0.012304761457628807,0.041850177091342464,0.01861221654023227,-0.023237960551110194,0.049529194538093346
2017-10-26 13:00:00,20871.674714668563,0.017647037027527707,0.006343365404578215,0.003944339801951177,-0.0023990256026270376,0.02553571663143006
2017-10-26 13:02:00,21326.5578997986,0.0004961027071583995,0.020482428908848396,0.037829453894474604,0.017347024985626208,0.07615501049610761
2017-10-26 13:04:00,19882.651919221546,0.025326037693985268,-0.023282331038669737,-0.014874190187248115,0.008408140851421622,-0.004422342680510963
2017-10-26 13:06:00,21894.05957429026,-0.03443218275146925,0.022614506328791473,0.06317717186597335,0.04056266553718188,0.09192216098047745
2017-10-26 13:08:00,18248.876739118023,-0.028952254341455343,-0.03775112850941925,-0.035651522333767546,0.0020996061756517054,-0.10025529900899044
2017-10-26 13:10:00,17501.398399767586,-0.014955428615705924,-0.01871459537864225,-0.055426378876025494,-0.036711783497383244,-0.12580818636775692
2017-10-26 13:12:00,17260.990607598487,-0.027875142698979994,-0.007533207914383319,-0.05706064162147453,-0.04952743370709121,-0.14199642594192904
2017-10-26 13:14:00,17871.209198926877,0.03206504628706626,-0.030419425733306405,-0.07264783274004305,-0.04222840700673665,-0.11323061919301984
2017-10-26 13:16:00,19031.616724259165,0.0032022533292300898,-0.005446143454224749,-0.041612408236507435,-0.03616626478228269,-0.08002256314378478
2017-10-26 13:18:00,18574.699419191296,-0.026348188806101316,-0.02195910325816666,-0.024884142020415837,-0.0029250387622491783,-0.07611647284693299
2017-10-26 13:20:00,17480.12443101993,-0.009752031605175723,-0.024312222598691004,-0.06347059688218828,-0.03915837428349728,-0.1366932253695523
2017-10-26 13:22:00,20701.13666086581,0.03812507996065402,0.02657141198760149,0.0049957204085086734,-0.021575691579092816,0.04811652077767137
2017-10-26 13:24:00,17856.309846666256,-0.0031379554140163815,-0.039396093161590685,-0.03989190831714253,-0.0004958151555518459,-0.08292177204830145
2017-10-26 13:26:00,19576.047949676537,-0.04981677447540403,0.020546502662048688,0.012063660154333862,-0.008482842507714826,-0.025689454166736306
2017-10-26 13:28:00,19659.833529269603,-0.042112672926498645,0.00662812057688722,0.01533813388637413,0.008710013309486911,-0.011436405153750384
2017-10-26 13:30:00,22687.29295304526,0.013695328148909738,0.03644045850146542,0.057634616290594354,0.021194157789128934,0.12896456073009843
2017-10-26 13:32:00,18689.85224226433,-0.022606661953485277,-0.019195958537685822,-0.023838436398173995,-0.004642477860488173,-0.07028353474983327
2017-10-26 13:34:00,20552.532918620702,0.03886440348346952,0.0214928717649355,0.0163444316832791,-0.005148440081656401,0.07155326685002772
2017-10-26 13:36:00,21492.956709277605,0.047582966303304164,-0.005878592285580832,-0.00124386014257203,0.004634732143008802,0.045095246018160104
2017-10-26 13:38:00,20788.58170286471,-0.0008995730200441546,-0.02106829615037229,0.023317314680464003,0.044385610830836295,0.04573505634088385
2017-10-26 13:40:00,19373.582432496667,-0.0344388251635474,-0.010413432400379466,-0.007871062364704508,0.002542370035674958,-0.05018094989295641
2017-10-26 13:42:00,22060.63580290671,-0.029260626108164312,0.037355528393333004,0.05693002297070522,0.019574494577372217,0.08459941983324613
2017-10-26 13:44:00,19546.29315249714,0.009304461341350254,-0.011300551329422238,-0.01303554304576715,-0.0017349917163449122,-0.016766624750184048
2017-10-26 13:46:00,19702.796804402715,0.028275716062230796,-0.0033090856659278994,-0.00939060374471827,-0.006081518078790371,0.009494508572794255
2017-10-26 13:48:00,20403.81447348767,0.01621147612739879,0.030935590577821914,0.01332491180698795,-0.017610678770833964,0.04286129974137469
2017-10-26 13:50:00,20989.934027276737,0.014866128438548926,-0.012279280397386919,0.004106140697508212,0.01638542109489513,0.02307840983356535
2017-10-26 13:52:00,19502.584776860243,0.006413139829577599,0.020241734907454914,-0.0073257309596335,-0.027567465867088414,-0.008238322089689401
2017-10-26 13:54:00,23538.529151219987,0.04571796085939826,0.040832762017863844,0.07126066206930032,0.030427900051436474,0.1882392849979989
2017-10-26 13:56:00,22478.32404150823,0.04692042881778408,-0.003691521670353512,0.0412472898845076,0.04493881155486111,0.12941500858679927
2017-10-26 13:58:00,20651.697971835445,0.02150792974981408,-0.02156082287462533,0.0018405965151840828,0.023401419389809414,0.025189122780182246
2017-10-26 14:00:00,18903.337702931294,-0.045196704308458735,-0.044609977199005536,-0.001092183900179046,0.04351779329882649,-0.04738107210881683
2017-10-26 14:02:00,20248.15797440149,0.011398845496149092,-0.019663285014746693,0.011084285852553971,0.030747570867300664,0.033567417201257034
2017-10-26 14:04:00,21142.405502975398,-0.0021377061633653036,0.020902032661632028,0.030644778559899943,0.009742745898267915,0.05915185095643458
2017-10-26 14:06:00,19952.35513450044,0.01819492475926203,0.04167653756299265,-0.004774919095604908,-0.04645145665859756,0.008645086568052213
2017-10-26 14:08:00,20062.797618018125,0.045509885699006256,0.006307988001181972,-0.008878812209842504,-0.015186800211024476,0.027752261279321247
2017-10-26 14:10:00,17106.84046100594,0.011066663884471827,-0.03797741727432974,-0.07859330047288383,-0.040615883198554095,-0.14611993706129583
2017-10-26 14:12:00,18579.638457631372,-0.012376564009370164,-0.01942946425417056,-0.029249079469879993,-0.009819615215709433,-0.07087472294913015
2017-10-26 14:14:00,20551.057763798486,0.018782697234824425,0.021586393689405334,0.005444545123398779,-0.016141848566006554,0.029671787481621983
2017-10-26 14:16:00,18978.07578552211,0.012549069410895175,-0.007724873026277793,-0.03362915480160221,-0.025904281775324414,-0.054709240192309244
2017-10-26 14:18:00,16682.799950316505,-0.04723419324014923,-0.029053768546123706,-0.060168474333014144,-0.03111470578689044,-0.1675711419061775
2017-10-26 14:20:00,19004.571633831856,-0.01396246734208869,0.017608769396248808,-0.012407058789810573,-0.03001582818605938,-0.038776584921709836
2017-10-26 14:22:00,19444.188946258924,0.03742126333649663,-0.02418339850907584,-0.03145689639220335,-0.007273497883127512,-0.02549252944791007
2017-10-26 14:24:00,19814.832159439396,0.011132905786392477,-0.021523995927357056,-0.01629916667439072,0.005224829252966336,-0.021465427562388964
2017-10-26 14:26:00,20238.49013491811,-0.01200141699736703,0.01761417259129293,0.011317869579690241,-0.006296303011602687,0.010634322162013453
2017-10-26 14:28:00,23234.402050698274,0.0401068620206811,0.013382389393991223,0.06319896244399423,0.049816573050003005,0.16650478690866954
2017-10-26 14:30:00,20089.342493710967,-0.015567893740471732,0.030573739605668643,0.01229552280315014,-0.018278216802518503,0.009023151865828548
2017-10-26 14:32:00,21866.413581927347,0.021456405738150025,0.048883449662601525,0.04547557828701616,-0.0034078713755853612,0.11240756231218235
2017-10-26 14:34:00,22136.41047797384,0.022030648689381246,0.008454205185093842,0.03812144434483867,0.029667239159744827,0.09827353737905858
2017-10-26 14:36:00,21633.116494727383,0.019128793659336993,0.00032242051348026213,0.01984623511562382,0.019523814602143558,0.05882126389058463
2017-10-26 14:38:00,21364.398690454145,0.04319604717573253,-0.037629221696112804,0.010401245827220733,0.048030467523333537,0.06399853883017399
2017-10-26 14:40:00,20439.42017125974,-0.0492799206124229,0.000363871242720068,0.03143054388943409,0.03106667264671402,0.013581167166445272
2017-10-26 14:42:00,21840.030178203357,0.04225459933952505,0.001682340694419207,0.03244349751135096,0.030761156816931756,0.10714159436222698
2017-10-26 14:44:00,21353.576039439915,-0.027586079022567933,0.03288555031665129,0.059966417325207605,0.027080867008556317,0.09234675562784728
2017-10-26 14:46:00,19218.984919686383,-0.023607932493695184,0.036746567610222575,-0.009146052873587239,-0.045892620483809814,-0.041900038240869665
2017-10-26 14:48:00,22647.498441242828,0.0033983082215503155,0.033737425374616284,0.06936749322399251,0.035630067849376224,0.14213329466953534
2017-10-26 14:50:00,20409.180530677404,-0.013388329925828814,0.04662102638210021,0.010930638519000647,-0.03569038786309956,0.008472947112172481
2017-10-26 14:52:00,20818.65610400059,-0.015877033868128422,0.038907857274517496,0.03776960396582145,-0.0011382533086960467,0.05966217406351448
2017-10-26 14:54:00,17860.24758865404,-0.020682182416757823,-0.043245659212811816,-0.030479365999016808,0.012766293213795007,-0.08164091441479143
2017-10-26 14:56:00,20569.208393617922,0.04415870019863376,0.006940388653709863,0.0007426432077980924,-0.00619774544591177,0.04564398661422994
2017-10-26 14:58:00,21384.859952942974,0.03876324039788888,-0.020228404779118636,0.015935797342015667,0.0361642021211343,0.07063483508192021
2017-10-26 15:00:00,20996.567784422958,-0.030720931626787518,0.04271617698919099,0.04129174965186139,-0.0014244273373296007,0.051862567676935256
2017-10-26 15:02:00,20412.078359,0.014262376482015643,0.04868841423922601,0.000593129663288755,-0.04809528457593726,0.015448635808593153
2017-10-26 15:04:00,21181.709700889565,-0.018430852908378002,0.01539497549660522,0.024738705136838054,0.009343729640232834,0.031046557365298107
2017-10-26 15:06:00,20610.721699714257,-0.022659698115165973,0.027834425619575165,0.01939042092191312,-0.008444004697662044,0.01612114372866027
2017-10-26 15:08:00,23199.450256222433,0.0011384429774824595,0.02717687242892179,0.07212134354241391,0.04494447111349212,0.1453811300623103
2017-10-26 15:10:00,21965.357590722746,0.03983905807316375,0.02728189750287889,0.025351927712807386,-0.0019299697900715049,0.09054291349877852
2017-10-26 15:12:00,19508.056898904397,-0.00890078480116531,-0.008074160506623448,-0.017171233152406956,-0.009097072645783508,-0.04324325110597922
2017-10-26 15:14:00,19766.060646552294,0.0024312407402731218,-0.006206277063494289,-0.006124312574475883,8.196448901840597e-05,-0.009817384408678645
2017-10-26 15:16:00,17479.56635506451,-0.024426308447823775,-0.04696205821680671,-0.049113249224152944,-0.0021511910073462315,-0.12265280689612966
2017-10-26 15:18:00,20211.071332428328,-0.04387108238687274,-0.01811593775418944,0.028485759792250147,0.046601697546439586,0.013100437197627553
2017-10-26 15:20:00,21149.066292286065,-0.03394300372027241,0.014546009427344589,0.059427034197884476,0.04488102477053989,0.08491106467549654
2017-10-26 15:22:00,20389.502232655774,0.005017762072983656,-0.008101097824388857,0.015571202499024016,0.023672300323412873,0.03616016707103169
2017-10-26 15:24:00,21730.759357048537,0.001793287518442599,0.007621262146900086,0.048517673589733364,0.04089641144283328,0.09882863469790933
2017-10-26 15:26:00,17382.992276552068,-0.02721186809585148,-0.03164977186236238,-0.05417375479124178,-0.022523982928879395,-0.13555937767833504
2017-10-26 15:28:00,21902.84586266003,-0.020358471145556525,0.021905106893056026,0.057117684597266835,0.03521257770421081,0.09387689804897714
2017-10-26 15:30:00,21905.60075231512,0.027471993660150407,0.02431623685380127,0.027308381774913286,0.002992144921112015,0.08208875720997698
2017-10-26 15:32:00,17874.349477524152,0.0462727056241493,-0.04401205760076493,-0.0626732840599144,-0.018661226459149464,-0.0790738624956795
2017-10-26 15:34:00,19749.985807562505,-0.011027147365660614,-0.03628965118087804,-0.0015382412795161698,0.03475140990136187,-0.014103629924692954
2017-10-26 15:36:00,21011.63126167315,0.04918152562861748,-0.02777409087918427,0.0005594218969234427,0.02833351277610771,0.05030036942246437
2017-10-26 15:38:00,22181.930541457335,0.006857596465890216,0.043399704417208626,0.05092804632942744,0.007528341912218815,0.1087136891247451
2017-10-26 15:40:00,17587.025152409344,-0.004794540775437249,-0.046712841926039084,-0.06984677794694054,-0.02313393602090146,-0.14448809666931833
2017-10-26 15:42:00,19679.483954136205,0.03505219814035626,-0.027776142444226395,-0.013997937531307472,0.013778204912918923,0.007056323077741317
2017-10-26 15:44:00,23110.552789523754,-0.006577124278528121,0.04195555527761792,0.06822672856350215,0.026271173285884228,0.12987633284847616
2017-10-26 15:46:00,18110.1836403828,0.002787961995867269,-0.01953190130087501,-0.04558881772329773,-0.026056916422422718,-0.08838967345072819
2017-10-26 15:48:00,17092.21453503999,-0.0397745222880805,-0.04045034677292553,-0.04838261596572563,-0.007932269192800101,-0.13653975421953174
2017-10-26 15:50:00,22784.905974707974,-0.0004612415272612358,0.03284743561960496,0.05751847835655324,0.024671042736948284,0.11457571518584525
2017-10-26 15:52:00,17626.822324438024,6.566728119294929e-05,-0.04781248670901528,-0.054490522439440456,-0.0066780357304251775,-0.10891537759768796
2017-10-26 15:54:00,21365.456708694528,0.01584672247354793,0.04901875354799677,0.020861444912351097,-0.028157308635645674,0.057569612298250125
2017-10-26 15:56:00,20114.827530353145,0.012444400749714049,-0.04407728429564939,-0.009149530968140876,0.03492775332750851,-0.005854661186567703
2017-10-26 15:58:00,18891.324070481085,0.049791067134405315,-0.019419989195098866,-0.04504110255397242,-0.02562111335887356,-0.04029113797353953
2017-10-26 16:00:00,19874.71251249261,-0.025697273451575877,0.0425775090677387,0.012136196254546545,-0.030441312813192158,-0.0014248809424827862
2017-10-26 16:02:00,19209.607892972177,-0.019438887203120772,-0.02846388228401723,-0.011270774393167586,0.017193107890849643,-0.041980435989455944
2017-10-26 16:04:00,21441.37130375122,0.023041712216901863,0.04313441255486314,0.022555202082741893,-0.020579210472121245,0.06815211638238565
2017-10-26 16:06:00,20834.801464985867,0.02474138710638811,0.03146656092464488,0.0027083236524201373,-0.028758237272224742,0.030158034411228385
2017-10-26 16:08:00,19329.506706324137,-0.04278300126944941,-0.023892725203740407,0.0050786552879086115,0.028971380491649018,-0.03262569069363218
2017-10-26 16:10:00,20149.917199892014,0.013144903959125098,-0.04123765883706102,-0.008431290183748573,0.03280636865331245,-0.0037176764083720476
2017-10-26 16:12:00,20365.603239323627,0.036498740873682115,0.022532738760677434,-0.008144617111409909,-0.030677355872087343,0.020209506650862297
2017-10-26 16:14:00,19170.556503568823,-0.04310747133830028,-0.018197344814231943,-0.008642048772431611,0.009555296041800332,-0.0603915688831635
2017-10-26 16:16:00,22254.783797162487,0.03445472994094316,-0.007977231951499117,0.03993039936593465,0.047907631317433766,0.11431552867281246
2017-10-26 16:18:00,18906.051658214874,-0.04447738157475847,-0.0005707945934175576,-0.018419665388371677,-0.01784887079495412,-0.08131671235150181
2017-10-26 16:20:00,17624.536946343287,-0.04769126930759169,-0.011920312737060089,-0.03631496886003756,-0.024394656122977466,-0.12032120702766681
2017-10-26 16:22:00,19259.150875248386,-0.007616636945614673,-0.019134106250816074,-0.013922999349942101,0.005211106900873973,-0.035462635645498876
2017-10-26 16:24:00,20113.12514506727,-0.03876689770891745,-0.00862525081631886,0.023898418596845925,0.032523669413164785,0.009029939484774402
2017-10-26 16:26:00,23858.250244479947,0.04111877960940913,0.026961875138878474,0.07212577975800662,0.04516390461912814,0.18537033912542236
2017-10-26 16:28:00,17891.514837528237,-0.026930476624403545,-0.00901808883854359,-0.04093023166401674,-0.03191214282547315,-0.10879093995243702
2017-10-26 16:30:00,16606.973877823588,-0.016630809734204402,-0.03716024248880903,-0.07930825464757643,-0.0421480121587674,-0.17524731902935725
2017-10-26 16:32:00,16838.620480116722,0.014007096282704093,-0.04636277103642004,-0.0763048510405855,-0.029942080004165463,-0.1386026057984669
2017-10-26 16:34:00,21414.326484103985,0.006805501451725447,0.015100600871992803,0.03952828666927154,0.024427685797278734,0.08586207479026853
2017-10-26 16:36:00,19351.9519897265,0.014988773393444843,-0.032316515744030855,-0.01582861916838621,0.016487896575644645,-0.016668464943327577
2017-10-26 16:38:00,21467.660126821134,0.03298828581603999,0.038130464543043405,0.013352404152697336,-0.02477806039034607,0.05969309412143467
2017-10-26 16:40:00,20991.019073819843,0.0344834523829578,-0.0307716529825124,0.009235895278240355,0.04000754826075276,0.05295524293943851
2017-10-26 16:42:00,19156.98134011763,-0.04466063038553525,0.047483166285502004,0.010022665299257584,-0.03746050098624442,-0.02461529978702008
2017-10-26 16:44:00,18544.666607667652,-0.008565666771306657,0.017869687841313917,-0.028562251490614435,-0.04643193933192835,-0.06569016975253553
2017-10-26 16:46:00,20123.047587224315,-0.015779468332230005,0.014296182997389939,0.024705385090002044,0.010409202092612105,0.03363130184777408
2017-10-26 16:48:00,20709.54687762379,0.014367723451792741,0.001169641222899323,0.013374348072192732,0.012204706849293409,0.041116419596178205
2017-10-26 16:50:00,18961.332603283412,-0.03958196882167934,-0.04633441804880833,-0.007803027657044111,0.03853139039176422,-0.05518802413576756
2017-10-26 16:52:00,22160.70271017861,0.04942226415045291,0.006284638070005642,0.03360756874399432,0.02732293067398868,0.11663740163844155
2017-10-26 16:54:00,19304.389909811092,0.009422614352412241,-0.0006355818996652829,-0.02114064310221815,-0.02050506120255287,-0.03285867185202406
2017-10-26 16:56:00,21413.60505852234,0.030429087875995256,-0.0036648754986078336,0.020918403503996055,0.02458327900260389,0.07226589488398737
2017-10-26 16:58:00,18122.144299128875,-0.0459280685807805,8.34626224308424e-05,-0.02079769557677561,-0.020881158199206454,-0.08752345973433173
2017-10-26 17:00:00,18857.17834281411,0.016274392616428768,0.0034827972891512612,-0.03968242168457454,-0.0431652189737258,-0.06309045075272031
2017-10-26 17:02:00,22139.907211097743,0.03981111031212729,0.016574197717873954,0.031044091000602583,0.01446989328272863,0.10189929231333246
2017-10-26 17:04:00,20629.375430622735,-0.01065866937043207,-0.015673064944688266,0.02046106458208064,0.03613412952676891,0.030263459793729214
2017-10-26 17:06:00,20977.91454841047,0.026677982783933282,0.0441135963543528,0.01528319508033563,-0.028830401274017172,0.057244372944604535
2017-10-26 17:08:00,18210.54488980072,0.02500489521133155,-0.04835319404662456,-0.04000557985938039,0.008347614187244168,-0.05500626450742924
2017-10-26 17:10:00,22610.80981553116,0.034404127451098984,0.028781440849297873,0.040209677941448245,0.011428237092150371,0.11482348333399547
2017-10-26 17:12:00,19117.92833136786,-0.007503494445330605,-0.026262119838128286,-0.01407526345096052,0.012186856387167766,-0.035654021347251645
2017-10-26 17:14:00,23607.11862937215,0.03646594636607493,0.034965768423239535,0.07987110421674072,0.044905335793501186,0.1962081547995564
2017-10-26 17:16:00,19602.699911182848,-0.025362809424603273,0.03084257318166639,6.440107787261673e-06,-0.030836133073879127,-0.02534992920902875
2017-10-26 17:18:00,16890.139437083955,-0.035817645990106096,-0.04713483815184896,-0.057317284128022186,-0.010182445976173224,-0.15045221424615046
2017-10-26 17:20:00,22258.647719137934,-0.01041511536860934,0.048016358138088105,0.05465378486678939,0.006637426728701282,0.09889245436496943
2017-10-26 17:22:00,20810.535255259092,-0.049253473375088265,0.018971848997676413,0.034562565976058654,0.01559071697838224,0.019871658577029043
2017-10-26 17:24:00,20659.63904289749,0.004316419108875272,0.009477859020646698,0.02013281135414066,0.010654952333493964,0.044582041817156595
2017-10-26 17:26:00,20485.15132665026,-0.022788311029360443,0.019508467302816246,0.031766498409159405,0.012258031106343159,0.04074468578895837
2017-10-26 17:28:00,16094.253895200307,-0.04117740430730154,-0.03536449938140557,-0.06871901757153424,-0.033354518190128676,-0.17861543945037
